,kepid,koi_score,koi_fpflag_nt,koi_fpflag_ss,koi_fpflag_co,koi_fpflag_ec,koi_period,koi_period_err1,koi_period_err2,koi_time0bk,koi_time0bk_err1,koi_time0bk_err2,koi_impact,koi_impact_err1,koi_impact_err2,koi_duration,koi_duration_err1,koi_duration_err2,koi_depth,koi_depth_err1,koi_depth_err2,koi_prad,koi_prad_err1,koi_prad_err2,koi_teq,koi_teq_err1,koi_teq_err2,koi_insol,koi_insol_err1,koi_insol_err2,koi_model_snr,koi_tce_plnt_num,koi_steff,koi_steff_err1,koi_steff_err2,koi_slogg,koi_slogg_err1,koi_slogg_err2,koi_srad,koi_srad_err1,koi_srad_err2,ra,dec,koi_kepmag,habitable
0,10797460,1.0,0,0,0,0,9.48803557,2.775e-05,-2.775e-05,170.53875,0.00216,-0.00216,0.146,0.318,-0.146,2.9575,0.0819,-0.0819,615.8,19.5,-19.5,2.26,0.26,-0.15,793.0,,,93.59,29.45,-16.65,35.8,1.0,5455.0,81.0,-81.0,4.467,0.064,-0.096,0.927,0.105,-0.061,291.93423,48.141651,15.347,1.0
1,10797460,0.969,0,0,0,0,54.4183827,0.0002479,-0.0002479,162.51384,0.00352,-0.00352,0.586,0.059,-0.443,4.507,0.116,-0.116,874.8,35.5,-35.5,2.83,0.32,-0.19,443.0,,,9.11,2.87,-1.62,25.8,2.0,5455.0,81.0,-81.0,4.467,0.064,-0.096,0.927,0.105,-0.061,291.93423,48.141651,15.347,1.0
2,10811496,0.0,0,0,0,0,19.89913995,1.494e-05,-1.494e-05,175.850252,0.000581,-0.000581,0.969,5.126,-0.077,1.7822,0.0341,-0.0341,10829.0,171.0,-171.0,14.6,3.92,-1.31,638.0,,,39.3,31.04,-10.49,76.3,1.0,5853.0,158.0,-176.0,4.544,0.044,-0.176,0.868,0.233,-0.078,297.00482,48.134129,15.436,1.0
3,10854555,1.0,0,0,0,0,2.525591777,3.761e-06,-3.761e-06,171.59555,0.00113,-0.00113,0.701,0.235,-0.478,1.6545,0.042,-0.042,603.3,16.9,-16.9,2.75,0.88,-0.35,1406.0,,,926.16,874.33,-314.24,40.9,1.0,6031.0,169.0,-211.0,4.438,0.07,-0.21,1.046,0.334,-0.133,288.75488,48.2262,15.509,1.0
4,10872983,1.0,0,0,0,0,11.09432054,2.036e-05,-2.036e-05,171.20116,0.00141,-0.00141,0.538,0.03,-0.428,4.5945,0.061,-0.061,1517.5,24.2,-24.2,3.9,1.27,-0.42,835.0,,,114.81,112.85,-36.7,66.5,1.0,6046.0,189.0,-232.0,4.486,0.054,-0.229,0.972,0.315,-0.105,296.28613,48.22467,15.714,1.0
5,10872983,1.0,0,0,0,0,4.13443512,1.046e-05,-1.046e-05,172.97937,0.0019,-0.0019,0.762,0.139,-0.532,3.1402,0.0673,-0.0673,686.0,18.7,-18.7,2.77,0.9,-0.3,1160.0,,,427.65,420.33,-136.7,40.2,2.0,6046.0,189.0,-232.0,4.486,0.054,-0.229,0.972,0.315,-0.105,296.28613,48.22467,15.714,1.0
6,10872983,0.992,0,0,0,0,2.56658897,1.781e-05,-1.781e-05,179.55437,0.00461,-0.00461,0.755,0.212,-0.523,2.429,0.165,-0.165,226.5,16.8,-16.8,1.59,0.52,-0.17,1360.0,,,807.74,793.91,-258.2,15.0,3.0,6046.0,189.0,-232.0,4.486,0.054,-0.229,0.972,0.315,-0.105,296.28613,48.22467,15.714,1.0
7,10910878,1.0,0,0,0,0,16.06864674,1.088e-05,-1.088e-05,173.621937,0.000517,-0.000517,0.052,0.262,-0.052,3.5347,0.0241,-0.0241,4914.3,33.3,-33.3,5.76,0.22,-0.49,600.0,,,30.75,4.46,-6.66,161.9,1.0,5031.0,75.0,-83.0,4.485,0.083,-0.028,0.848,0.033,-0.072,286.99948,48.37579,15.841,1.0
8,11446443,0.811,0,0,0,0,2.470613377,2.7e-08,-2.7e-08,122.763305,8.7e-06,-8.7e-06,0.818,0.001,-0.001,1.74319,0.00107,-0.00107,14231.0,4.2,-4.2,13.04,0.51,-0.51,1339.0,,,761.46,106.21,-95.76,4304.3,1.0,5820.0,78.0,-78.0,4.457,0.024,-0.024,0.964,0.038,-0.038,286.80847,49.316399,11.338,1.0
9,10666592,1.0,0,1,0,0,2.204735417,4.3e-08,-4.3e-08,121.3585417,1.6e-05,-1.6e-05,0.224,0.159,-0.216,3.88864,0.00203,-0.00203,6674.7,1.7,-1.7,16.1,0.81,-0.91,2048.0,,,4148.92,651.59,-654.46,5945.9,1.0,6440.0,76.0,-89.0,4.019,0.033,-0.027,1.952,0.099,-0.11,292.24728,47.969521,10.463,1.0
10,6922244,0.998,0,0,0,0,3.522498429,1.98e-07,-1.98e-07,121.1194228,4.71e-05,-4.71e-05,0.631,0.007,-0.007,3.19843,0.00653,-0.00653,9145.7,6.6,-6.6,14.59,1.11,-1.11,1521.0,,,1264.67,307.23,-276.48,1741.5,1.0,6225.0,112.0,-137.0,4.169,0.055,-0.045,1.451,0.11,-0.11,281.28812,42.45108,13.563,1.0
11,10984090,1.0,0,0,0,0,3.709214104,6.536e-06,-6.536e-06,133.98318,0.00143,-0.00143,0.051,0.395,-0.051,2.6302,0.0427,-0.0427,131.1,3.0,-3.0,1.16,0.17,-0.12,1206.0,,,500.46,197.96,-130.54,50.6,2.0,5833.0,105.0,-117.0,4.407,0.085,-0.114,1.022,0.143,-0.107,295.64871,48.49556,12.772,1.0
12,10526549,1.0,0,0,0,0,9.27358173,1.037e-05,-1.037e-05,173.258155,0.000877,-0.000877,0.387,0.004,-0.386,3.2875,0.0309,-0.0309,1288.3,16.8,-16.8,2.47,0.2,-0.24,649.0,,,41.85,12.49,-11.7,87.2,1.0,4856.0,131.0,-146.0,4.583,0.065,-0.035,0.696,0.056,-0.068,288.13824,47.724449,15.302,1.0
13,10583066,1.0,0,0,0,0,6.02930329,5.509e-06,-5.509e-06,171.602959,0.000713,-0.000713,0.258,0.196,-0.258,1.5821,0.0311,-0.0311,1912.7,34.4,-34.4,2.85,0.26,-0.15,678.0,,,50.04,16.4,-9.88,65.4,1.0,4537.0,123.0,-123.0,4.648,0.02,-0.056,0.672,0.062,-0.036,283.71088,47.86327,15.784,1.0
14,10601284,1.0,0,0,0,0,5.349553819,8.834e-06,-8.834e-06,171.80694,0.00127,-0.00127,0.092,0.369,-0.092,3.0278,0.0471,-0.0471,831.0,14.8,-14.8,2.55,0.16,-0.24,919.0,,,168.99,34.66,-38.48,60.6,1.0,5185.0,85.0,-77.0,4.44,0.098,-0.045,0.91,0.057,-0.086,292.37613,47.880989,15.416,1.0
15,10601284,0.98,0,0,0,0,3.94105221,1.094e-05,-1.094e-05,136.08662,0.00233,-0.00233,0.226,0.243,-0.226,2.5984,0.0737,-0.0737,363.3,13.9,-13.9,1.7,0.11,-0.16,1018.0,,,253.15,51.91,-57.65,28.9,2.0,5185.0,85.0,-77.0,4.44,0.098,-0.045,0.91,0.057,-0.086,292.37613,47.880989,15.416,1.0
16,10601284,0.971,0,0,0,0,8.10904807,6.787e-05,-6.787e-05,132.8031,0.00716,-0.00716,0.025,0.425,-0.025,3.596,0.198,-0.198,217.4,16.8,-16.8,1.3,0.09,-0.12,800.0,,,97.03,19.9,-22.09,14.1,3.0,5185.0,85.0,-77.0,4.44,0.098,-0.045,0.91,0.057,-0.086,292.37613,47.880989,15.416,1.0
17,10662202,1.0,0,0,0,0,21.67699193,7.01e-05,-7.01e-05,171.53594,0.00258,-0.00258,0.896,0.01,-0.663,3.4555,0.0656,-0.0656,857.2,27.1,-27.1,2.95,0.12,-0.23,530.0,,,18.64,2.78,-3.8,34.3,1.0,4954.0,79.0,-79.0,4.5,0.075,-0.02,0.828,0.032,-0.065,290.46512,47.92918,15.377,1.0
18,10682541,1.0,0,0,0,0,4.99677968,1.389e-05,-1.389e-05,171.74208,0.00219,-0.00219,0.71,0.006,-0.533,2.1717,0.0762,-0.0762,934.7,39.7,-39.7,2.78,0.52,-0.23,917.0,,,166.95,102.06,-42.14,28.2,1.0,5339.0,175.0,-159.0,4.552,0.034,-0.136,0.847,0.161,-0.069,297.80826,47.946671,15.861,1.0
19,11460018,1.0,0,0,0,0,4.280963604,6.141e-06,-6.141e-06,171.89659,0.00115,-0.00115,0.424,0.112,-0.356,2.875,0.042,-0.042,750.8,14.1,-14.1,2.3,0.58,-0.19,1012.0,,,247.87,182.24,-63.32,61.8,1.0,5644.0,152.0,-169.0,4.564,0.032,-0.168,0.831,0.207,-0.069,294.26581,49.314091,15.356,1.0
20,11507101,1.0,0,0,0,0,38.3775486,0.0001602,-0.0001602,172.82048,0.00338,-0.00338,0.468,0.461,-0.267,5.588,0.113,-0.113,724.2,23.4,-23.4,2.82,0.37,-0.34,529.0,,,18.53,6.72,-4.93,34.7,1.0,5481.0,82.0,-74.0,4.369,0.121,-0.099,1.036,0.138,-0.124,291.72202,49.480869,15.172,1.0
21,10910878,0.992,0,0,0,0,41.19725502,9.345e-05,-9.345e-05,165.00404,0.00171,-0.00171,0.045,0.337,-0.045,4.6297,0.0633,-0.0633,2213.9,45.5,-45.5,3.86,0.15,-0.33,439.0,,,8.76,1.27,-1.9,51.2,2.0,5031.0,75.0,-83.0,4.485,0.083,-0.028,0.848,0.033,-0.072,286.99948,48.37579,15.841,1.0
22,10910878,1.0,0,0,0,0,6.252962249,9.577e-06,-9.577e-06,171.30126,0.00117,-0.00117,0.105,0.329,-0.105,2.5819,0.0426,-0.0426,1036.9,24.5,-24.5,2.65,0.1,-0.23,823.0,,,108.3,15.73,-23.44,47.1,3.0,5031.0,75.0,-83.0,4.485,0.083,-0.028,0.848,0.033,-0.072,286.99948,48.37579,15.841,1.0
23,10987985,1.0,0,0,0,0,16.01308419,4.854e-05,-4.854e-05,176.3608,0.00243,-0.00243,0.799,0.097,-0.551,3.2554,0.0791,-0.0791,1121.9,39.4,-39.4,3.1,0.34,-0.31,593.0,,,29.31,11.77,-8.24,33.2,1.0,5015.0,164.0,-149.0,4.499,0.092,-0.115,0.826,0.091,-0.082,297.02563,48.478588,15.39,1.0
24,11018648,1.0,0,0,0,0,32.62876672,5.801e-05,-5.801e-05,194.1019,0.00138,-0.00138,0.021,0.402,-0.021,4.7971,0.058,-0.058,1804.8,25.4,-25.4,3.36,0.76,-0.33,506.0,,,15.55,10.51,-4.18,80.0,1.0,5586.0,152.0,-152.0,4.56,0.05,-0.15,0.798,0.181,-0.077,285.71854,48.505859,15.082,1.0
25,11018648,0.978,0,0,0,0,91.7732862,0.0007518,-0.0007518,193.8378,0.00643,-0.00643,0.606,0.335,-0.4,6.473,0.204,-0.204,652.0,36.2,-36.2,2.12,0.48,-0.21,359.0,,,3.92,2.64,-1.06,19.1,2.0,5586.0,152.0,-152.0,4.56,0.05,-0.15,0.798,0.181,-0.077,285.71854,48.505859,15.082,1.0
26,11138155,1.0,0,0,0,0,4.959319244,5.15e-07,-5.15e-07,172.2585292,8.27e-05,-8.27e-05,0.831,0.016,-0.004,2.22739,0.0075,-0.0075,9802.0,20.0,-20.0,12.21,1.96,-1.46,1103.0,,,349.4,146.52,-93.21,696.5,1.0,5712.0,77.0,-77.0,4.359,0.11,-0.11,1.082,0.173,-0.13,292.16705,48.727589,15.263,1.0
27,11153539,1.0,0,0,0,0,4.49876511,1.777e-05,-1.777e-05,171.34905,0.003,-0.003,0.312,0.154,-0.312,3.7362,0.0934,-0.0934,460.0,17.5,-17.5,2.1,0.65,-0.22,1133.0,,,389.62,365.71,-117.4,29.5,1.0,6075.0,189.0,-210.0,4.486,0.052,-0.208,0.969,0.3,-0.1,298.45685,48.791592,15.395,1.0
28,9579641,1.0,0,0,0,0,5.412203927,3.052e-06,-3.052e-06,133.143089,0.000468,-0.000468,0.787,0.005,-0.565,2.9472,0.024,-0.024,601.6,4.0,-4.0,2.94,0.43,-0.38,1093.0,,,337.68,137.29,-102.18,166.7,1.0,5779.0,104.0,-115.0,4.339,0.132,-0.108,1.087,0.157,-0.142,287.88733,46.276241,12.791,1.0
29,11304958,0.998,0,0,0,0,41.43958662,7.557e-05,-7.557e-05,208.93203,0.00142,-0.00142,0.355,0.04,-0.355,10.5989,0.088,-0.088,2793.1,22.6,-22.6,5.5,1.57,-0.96,516.0,,,16.72,14.66,-6.64,141.1,1.0,5468.0,180.0,-164.0,4.367,0.153,-0.187,1.046,0.297,-0.183,295.55505,49.017342,15.4,1.0
30,11391957,1.0,0,0,0,0,8.35389523,1.524e-05,-1.524e-05,171.63257,0.00133,-0.00133,0.023,0.423,-0.023,2.2514,0.0518,-0.0518,1041.6,28.2,-28.2,2.52,0.54,-0.24,790.0,,,91.9,59.06,-24.15,43.4,1.0,5592.0,152.0,-152.0,4.582,0.036,-0.144,0.787,0.169,-0.073,285.49924,49.277351,15.317,1.0
31,11403044,1.0,0,0,0,0,4.125543472,3.133e-06,-3.133e-06,169.752585,0.000613,-0.000613,0.597,0.235,-0.367,3.1744,0.0362,-0.0362,1487.3,13.3,-13.3,4.43,1.44,-0.51,1243.0,,,565.35,542.47,-188.14,128.6,1.0,6174.0,173.0,-239.0,4.417,0.056,-0.21,1.103,0.358,-0.128,291.93616,49.253979,15.506,1.0
32,11414511,1.0,0,0,0,0,2.816504904,1.65e-07,-1.65e-07,170.9676846,4.66e-05,-4.66e-05,0.105,0.264,-0.119,2.50587,0.00666,-0.00666,16814.0,11.0,-11.0,12.21,1.62,-0.87,1219.0,,,521.13,184.34,-97.95,1406.8,1.0,5532.0,74.0,-83.0,4.452,0.063,-0.108,0.955,0.127,-0.068,297.01547,49.225288,15.052,1.0
33,12110942,1.0,0,0,0,0,3.689920099,8.982e-06,-8.982e-06,170.36571,0.00191,-0.00191,0.151,0.304,-0.151,2.6557,0.0677,-0.0677,426.7,13.8,-13.8,1.89,0.54,-0.2,1147.0,,,408.99,342.24,-123.32,35.6,1.0,5880.0,157.0,-192.0,4.518,0.046,-0.196,0.917,0.262,-0.098,291.62241,50.61824,15.242,1.0
34,12366084,1.0,0,0,0,0,4.431238488,6.106e-06,-6.106e-06,171.015,0.00111,-0.00111,0.405,0.041,-0.405,3.15,0.0423,-0.0423,1010.9,15.2,-15.2,3.25,0.47,-0.25,1104.0,,,351.23,135.26,-68.33,71.1,1.0,5714.0,77.0,-77.0,4.428,0.063,-0.117,1.015,0.148,-0.079,295.81616,51.121738,15.367,1.0
35,12366084,1.0,0,0,0,0,11.37936986,2.415e-05,-2.415e-05,133.84992,0.00183,-0.00183,0.911,0.009,-0.656,2.6255,0.073,-0.073,1023.5,29.7,-29.7,3.95,0.57,-0.31,806.0,,,99.68,38.38,-19.39,37.9,2.0,5714.0,77.0,-77.0,4.428,0.063,-0.117,1.015,0.148,-0.079,295.81616,51.121738,15.367,1.0
36,12404086,1.0,0,0,0,0,26.39432897,5.724e-05,-5.724e-05,176.05459,0.00176,-0.00176,0.602,0.25,-0.396,3.573,0.0643,-0.0643,1510.9,36.3,-36.3,3.07,0.41,-0.22,489.0,,,13.49,6.07,-3.21,48.2,1.0,5129.0,154.0,-154.0,4.595,0.03,-0.084,0.763,0.103,-0.055,289.39972,51.25032,15.234,1.0
37,8395660,1.0,0,0,0,0,13.57078281,1.585e-05,-1.585e-05,136.279194,0.000957,-0.000957,0.866,0.015,-0.621,3.3539,0.0489,-0.0489,511.7,6.3,-6.3,2.64,0.4,-0.27,785.0,,,89.61,38.12,-22.92,88.4,1.0,5854.0,105.0,-117.0,4.406,0.09,-0.11,1.012,0.154,-0.103,300.86398,44.337551,12.882,1.0
38,9579641,1.0,0,0,0,0,7.12594387,1.406e-05,-1.406e-05,139.00492,0.00159,-0.00159,0.898,0.013,-0.699,3.0014,0.0384,-0.0384,192.4,4.4,-4.4,1.79,0.26,-0.23,997.0,,,233.31,94.86,-70.6,47.1,2.0,5779.0,104.0,-115.0,4.339,0.132,-0.108,1.087,0.157,-0.142,287.88733,46.276241,12.791,1.0
39,11754553,1.0,0,0,0,0,16.38489988,5.219e-05,-5.219e-05,172.72782,0.00248,-0.00248,0.001,0.437,-0.001,3.0249,0.0798,-0.0798,1127.1,42.0,-42.0,2.0,0.09,-0.1,433.0,,,8.35,1.49,-1.35,28.9,2.0,4126.0,82.0,-82.0,4.661,0.022,-0.022,0.615,0.027,-0.029,286.73804,49.97575,15.095,1.0
40,11754553,1.0,0,0,0,0,7.8774163,1.493e-05,-1.493e-05,176.3759,0.00147,-0.00147,0.041,0.409,-0.041,2.0805,0.0517,-0.0517,1306.1,37.7,-37.7,2.16,0.09,-0.11,553.0,,,22.18,3.97,-3.59,38.7,1.0,4126.0,82.0,-82.0,4.661,0.022,-0.022,0.615,0.027,-0.029,286.73804,49.97575,15.095,1.0
41,11754553,1.0,0,0,0,0,36.4454001,0.0001809,-0.0001809,151.60125,0.00392,-0.00392,0.028,0.437,-0.028,4.007,0.126,-0.126,1122.3,53.4,-53.4,1.99,0.09,-0.09,332.0,,,2.88,0.51,-0.47,21.7,3.0,4126.0,82.0,-82.0,4.661,0.022,-0.022,0.615,0.027,-0.029,286.73804,49.97575,15.095,1.0
42,11812062,1.0,0,0,0,0,3.728732147,9.36e-07,-9.36e-07,171.793255,0.000195,-0.000195,0.558,0.13,-0.149,2.683,0.035,-0.035,5226.5,18.5,-18.5,6.02,1.22,-0.52,1023.0,,,258.34,162.58,-65.21,345.2,1.0,5497.0,166.0,-149.0,4.577,0.034,-0.136,0.809,0.164,-0.07,290.78574,50.054119,15.523,1.0
43,11818800,0.999,0,0,0,0,40.4195037,0.0001139,-0.0001139,173.56469,0.00222,-0.00222,0.911,5.567,-0.118,3.362,0.14,-0.14,6256.0,230.0,-230.0,7.51,1.12,-0.91,467.0,,,11.29,5.67,-3.57,36.9,1.0,5446.0,179.0,-163.0,4.507,0.116,-0.105,0.781,0.116,-0.095,294.31686,50.080231,15.487,1.0
44,11853255,1.0,0,0,0,0,2.243380573,2.67e-06,-2.67e-06,170.679233,0.0009,-0.0009,0.915,0.009,-0.63,1.1196,0.0384,-0.0384,821.7,25.6,-25.6,1.99,0.1,-0.12,822.0,,,107.6,21.47,-20.32,38.9,1.0,4149.0,82.0,-91.0,4.698,0.024,-0.027,0.564,0.03,-0.033,285.17621,50.149818,15.135,1.0
45,11918099,1.0,0,0,0,0,2.337437946,1.951e-06,-1.951e-06,171.761982,0.000659,-0.000659,0.28,0.189,-0.28,1.9982,0.0271,-0.0271,971.2,13.7,-13.7,2.34,0.17,-0.09,1070.0,,,311.16,69.46,-40.17,82.4,1.0,5005.0,79.0,-79.0,4.595,0.012,-0.064,0.765,0.055,-0.028,293.83331,50.23035,15.334,1.0
46,11918099,0.993,0,0,0,0,7.2406612,1.617e-05,-1.617e-05,137.75545,0.002,-0.002,1.198,49.85,-0.258,0.558,0.171,-0.171,556.4,44.1,-44.1,19.45,1.4,-0.71,734.0,,,68.63,15.32,-8.86,13.7,2.0,5005.0,79.0,-79.0,4.595,0.012,-0.064,0.765,0.055,-0.028,293.83331,50.23035,15.334,1.0
47,9579641,0.871,0,0,0,0,3.43591631,4.729e-05,-4.729e-05,132.6624,0.011,-0.011,0.624,0.037,-0.476,3.133,0.407,-0.407,23.2,3.4,-3.4,0.55,0.08,-0.07,1272.0,,,617.61,251.11,-186.88,8.7,3.0,5779.0,104.0,-115.0,4.339,0.132,-0.108,1.087,0.157,-0.142,287.88733,46.276241,12.791,1.0
48,11923270,1.0,0,0,0,0,11.59822233,1.407e-05,-1.407e-05,180.395376,0.000923,-0.000923,0.679,0.187,-0.47,2.5237,0.052,-0.052,2804.5,46.3,-46.3,2.65,0.21,-0.29,396.0,,,5.82,1.49,-1.63,71.0,1.0,3688.0,73.0,-91.0,4.79,0.05,-0.045,0.473,0.037,-0.051,296.22195,50.28722,15.937,1.0
49,11960862,1.0,0,0,0,0,6.575315881,3.726e-06,-3.726e-06,173.634044,0.000455,-0.000455,0.39,0.065,-0.306,4.3084,0.0306,-0.0306,2793.3,14.9,-14.9,5.31,1.5,-0.81,1015.0,,,251.38,209.1,-91.63,221.1,1.0,5992.0,162.0,-180.0,4.415,0.105,-0.195,0.989,0.28,-0.151,290.09805,50.321609,15.312,1.0
50,12020329,1.0,0,0,0,0,7.275040844,4.677e-06,-4.677e-06,169.994217,0.000507,-0.000507,0.547,0.052,-0.229,7.5377,0.0681,-0.0681,3001.0,11.5,-11.5,4.86,1.05,-0.37,833.0,,,113.64,75.31,-28.97,312.1,1.0,5485.0,164.0,-180.0,4.556,0.028,-0.161,0.867,0.187,-0.067,295.45529,50.49456,15.08,1.0
51,12066335,1.0,0,0,0,0,19.27153892,4.145e-05,-4.145e-05,186.77093,0.00182,-0.00182,0.031,0.36,-0.031,2.7594,0.0551,-0.0551,1219.8,35.3,-35.3,1.93,0.1,-0.12,393.0,,,5.66,1.13,-1.06,37.1,1.0,4077.0,81.0,-81.0,4.702,0.027,-0.027,0.56,0.03,-0.034,293.97336,50.53191,15.385,1.0
52,12066335,1.0,0,0,0,0,10.06524317,1.49e-05,-1.49e-05,136.28906,0.00119,-0.00119,0.628,0.003,-0.478,1.369,0.0393,-0.0393,1053.3,39.2,-39.2,1.91,0.1,-0.12,488.0,,,13.43,2.69,-2.5,30.3,2.0,4077.0,81.0,-81.0,4.702,0.027,-0.027,0.56,0.03,-0.034,293.97336,50.53191,15.385,1.0
53,12070811,1.0,0,0,0,0,12.3935651,3.932e-05,-3.932e-05,178.74725,0.00245,-0.00245,0.883,0.033,-0.64,3.8896,0.0834,-0.0834,916.6,29.1,-29.1,2.66,0.54,-0.23,677.0,,,49.68,31.16,-12.97,35.8,1.0,5557.0,166.0,-166.0,4.603,0.034,-0.128,0.75,0.152,-0.065,296.02133,50.56778,15.505,1.0
54,8395660,0.998,0,0,0,0,43.84439721,9.613e-05,-9.613e-05,151.93538,0.00192,-0.00192,0.852,0.039,-0.585,6.802,0.119,-0.119,615.2,7.7,-7.7,2.87,0.43,-0.3,531.0,,,18.77,7.98,-4.8,83.7,2.0,5854.0,105.0,-117.0,4.406,0.09,-0.11,1.012,0.154,-0.103,300.86398,44.337551,12.882,1.0
55,3342970,1.0,0,0,0,0,2.711504086,3.8e-06,-3.8e-06,170.03417,0.00111,-0.00111,0.023,0.405,-0.023,3.0099,0.0423,-0.0423,837.5,14.5,-14.5,3.12,1.02,-0.34,1420.0,,,960.79,931.74,-309.76,64.5,1.0,6214.0,174.0,-239.0,4.442,0.054,-0.216,1.076,0.353,-0.118,291.65353,38.494659,15.541,1.0
56,3342970,1.0,0,0,0,0,7.21203748,1.553e-05,-1.553e-05,172.81782,0.00163,-0.00163,0.012,0.394,-0.012,4.0491,0.058,-0.058,950.4,19.5,-19.5,3.32,1.09,-0.36,1025.0,,,260.58,252.7,-84.01,51.5,2.0,6214.0,174.0,-239.0,4.442,0.054,-0.216,1.076,0.353,-0.118,291.65353,38.494659,15.541,1.0
57,12470844,1.0,0,0,0,0,8.47237911,1.56e-05,-1.56e-05,174.16212,0.00149,-0.00149,0.022,0.378,-0.022,2.7245,0.0484,-0.0484,1123.5,26.7,-26.7,2.59,0.37,-0.22,751.0,,,75.44,35.44,-19.3,47.6,1.0,5354.0,159.0,-159.0,4.587,0.032,-0.104,0.788,0.113,-0.066,296.36652,51.319519,15.339,1.0
58,12470844,0.989,0,0,0,0,60.4189369,0.0005043,-0.0005043,181.16367,0.00625,-0.00625,0.094,0.359,-0.094,5.039,0.184,-0.184,931.3,49.6,-49.6,2.36,0.34,-0.2,390.0,,,5.49,2.58,-1.4,20.1,2.0,5354.0,159.0,-159.0,4.587,0.032,-0.104,0.788,0.113,-0.066,296.36652,51.319519,15.339,1.0
59,12644822,1.0,0,0,0,0,12.611904345,6.65e-06,-6.65e-06,180.892284,0.000413,-0.000413,0.55,0.065,-0.128,5.1497,0.0592,-0.0592,6105.6,27.6,-27.6,7.4,2.2,-0.73,753.0,,,76.15,66.33,-21.39,277.2,1.0,5795.0,156.0,-173.0,4.508,0.039,-0.208,0.919,0.273,-0.091,289.11221,51.737381,15.14,1.0
60,2713049,1.0,0,0,0,0,2.539183147,5.073e-06,-5.073e-06,169.67494,0.0016,-0.0016,0.238,0.198,-0.238,2.4282,0.0559,-0.0559,382.1,11.4,-11.4,2.06,0.29,-0.28,1332.0,,,743.09,290.34,-212.44,38.9,1.0,5519.0,82.0,-74.0,4.35,0.126,-0.103,1.062,0.154,-0.14,291.43997,37.905659,15.026,1.0
61,3114167,1.0,0,0,0,0,6.770300385,9.537e-06,-9.537e-06,170.57662,0.00108,-0.00108,0.838,0.083,-0.589,2.0844,0.0454,-0.0454,1304.0,29.7,-29.7,2.77,0.46,-0.15,812.0,,,102.87,53.88,-21.24,50.8,1.0,5653.0,166.0,-166.0,4.656,0.028,-0.112,0.679,0.112,-0.037,290.87051,38.273628,15.591,1.0
62,3115833,1.0,0,0,0,0,10.181584004,6.188e-06,-6.188e-06,177.141891,0.000483,-0.000483,0.92,0.007,-0.005,3.5089,0.0331,-0.0331,5741.1,53.2,-53.2,7.73,2.17,-0.72,812.0,,,102.91,86.75,-28.91,183.6,1.0,5988.0,179.0,-197.0,4.541,0.048,-0.192,0.836,0.234,-0.078,291.28195,38.241669,15.657,1.0
63,4139816,1.0,0,0,0,0,20.06036336,5.839e-05,-5.839e-05,147.46554,0.00241,-0.00241,0.556,0.323,-0.368,3.3203,0.0754,-0.0754,1494.7,45.1,-45.1,1.96,0.13,-0.16,361.0,,,4.0,0.89,-0.9,35.2,2.0,3950.0,70.0,-86.0,4.754,0.042,-0.031,0.493,0.033,-0.04,286.07913,39.27832,15.954,1.0
64,4139816,1.0,0,0,0,0,46.1842039,0.0002654,-0.0002654,165.23729,0.0043,-0.0043,0.013,0.415,-0.013,4.758,0.13,-0.13,1394.7,56.4,-56.4,1.83,0.12,-0.15,273.0,,,1.32,0.29,-0.3,26.0,3.0,3950.0,70.0,-86.0,4.754,0.042,-0.031,0.493,0.033,-0.04,286.07913,39.27832,15.954,1.0
65,4139816,1.0,0,0,0,0,46.1842039,0.0002654,-0.0002654,165.23729,0.0043,-0.0043,0.013,0.415,-0.013,4.758,0.13,-0.13,1394.7,56.4,-56.4,1.83,0.12,-0.15,273.0,,,1.32,0.29,-0.3,26.0,3.0,3950.0,70.0,-86.0,4.754,0.042,-0.031,0.493,0.033,-0.04,286.07913,39.27832,15.954,1.0
66,8395660,0.952,0,0,0,0,23.9800854,0.0002003,-0.0002003,147.537,0.00647,-0.00647,0.95,0.004,-0.66,5.351,0.177,-0.177,104.0,6.5,-6.5,1.31,0.2,-0.13,649.0,,,41.94,17.84,-10.73,17.1,4.0,5854.0,105.0,-117.0,4.406,0.09,-0.11,1.012,0.154,-0.103,300.86398,44.337551,12.882,1.0
67,4139816,0.994,0,0,0,0,7.82502168,3.89e-05,-3.89e-05,136.54995,0.00436,-0.00436,0.708,0.234,-0.487,2.186,0.12,-0.12,520.8,36.4,-36.4,1.2,0.08,-0.1,494.0,,,14.05,3.1,-3.19,15.9,4.0,3950.0,70.0,-86.0,4.754,0.042,-0.031,0.493,0.033,-0.04,286.07913,39.27832,15.954,1.0
68,4275191,1.0,0,0,0,0,3.895936525,7.71e-07,-7.71e-07,170.527552,0.000157,-0.000157,0.524,0.069,-0.237,2.3111,0.0302,-0.0302,8544.8,29.5,-29.5,7.34,1.53,-0.65,1005.0,,,241.62,155.31,-64.19,370.8,1.0,5557.0,167.0,-167.0,4.592,0.034,-0.136,0.774,0.161,-0.069,294.65524,39.308361,15.725,1.0
69,4476123,0.999,0,0,0,0,22.36646466,9.761e-05,-9.761e-05,175.45862,0.00354,-0.00354,0.4,0.066,-0.4,5.228,0.122,-0.122,986.8,35.1,-35.1,2.32,0.38,-0.16,536.0,,,19.45,10.29,-4.56,32.1,1.0,5395.0,160.0,-160.0,4.615,0.032,-0.104,0.734,0.122,-0.052,294.71063,39.52174,15.583,1.0
70,3351888,1.0,0,0,0,0,1.625522174,1.58e-07,-1.58e-07,170.8266564,7.61e-05,-7.61e-05,0.076,0.022,-0.076,2.38963,0.00338,-0.00338,7969.0,11.8,-11.8,9.73,1.41,-1.42,1579.0,,,1467.41,576.36,-452.24,799.7,1.0,5539.0,83.0,-74.0,4.322,0.137,-0.1,1.106,0.161,-0.161,293.87192,38.422939,15.001,1.0
71,3453214,1.0,0,0,0,0,19.620346923,3.73e-06,-3.73e-06,181.881819,0.000148,-0.000148,0.458,0.08,-0.165,2.0038,0.0292,-0.0292,21725.0,85.0,-85.0,13.6,1.82,-0.92,643.0,,,40.39,14.34,-7.31,340.5,1.0,5710.0,76.0,-85.0,4.492,0.048,-0.112,0.905,0.121,-0.061,293.81619,38.563568,15.562,1.0
72,3641726,1.0,0,0,0,0,9.02930689,1.648e-05,-1.648e-05,177.20422,0.00142,-0.00142,0.024,0.401,-0.024,3.1449,0.0528,-0.0528,1019.8,21.9,-21.9,2.57,0.44,-0.26,757.0,,,77.75,43.01,-22.28,53.9,1.0,5349.0,167.0,-167.0,4.526,0.063,-0.108,0.82,0.141,-0.082,290.33362,38.72823,15.387,1.0
73,3832474,1.0,0,0,0,0,143.2063047,0.0002348,-0.0002348,154.23552,0.0013,-0.0013,0.379,0.073,-0.273,8.9302,0.0961,-0.0961,10566.0,82.4,-82.4,8.9,0.82,-0.38,308.0,,,2.14,0.59,-0.35,138.8,2.0,5485.0,98.0,-120.0,4.556,0.014,-0.081,0.867,0.079,-0.037,285.28363,38.947281,15.403,1.0
74,8395660,0.95,0,0,0,0,6.164876,4.635e-05,-4.635e-05,135.63916,0.00661,-0.00661,0.646,0.323,-0.43,3.262,0.186,-0.186,55.8,4.3,-4.3,0.79,0.13,-0.08,1021.0,,,256.35,109.03,-65.57,14.4,3.0,5854.0,105.0,-117.0,4.406,0.09,-0.11,1.012,0.154,-0.103,300.86398,44.337551,12.882,1.0
75,3832474,0.745,0,0,0,0,60.32494216,3.207e-05,-3.207e-05,243.892578,0.000423,-0.000423,0.224,0.067,-0.146,6.6188,0.0327,-0.0327,20280.0,64.0,-64.0,12.19,1.11,-0.52,411.0,,,6.77,1.89,-1.09,347.2,1.0,5485.0,98.0,-120.0,4.556,0.014,-0.081,0.867,0.079,-0.037,285.28363,38.947281,15.403,1.0
76,3832474,,0,0,0,0,29.1598615,0.0002534,-0.0002534,150.69922,0.00718,-0.00718,0.3619,0.0945,-0.3618,4.803,0.2,-0.2,488.0,43.5,-43.5,1.91,0.2,-0.07,524.0,,,17.85,5.61,-2.68,11.6,,5485.0,99.0,-112.0,4.556,0.014,-0.094,0.867,0.092,-0.034,285.28363,38.947281,15.403,1.0
77,3935914,1.0,0,0,0,0,1.594745374,1.13e-07,-1.13e-07,170.6483505,5.79e-05,-5.79e-05,0.514,0.022,-0.037,1.9604,0.0106,-0.0106,15044.0,20.3,-20.3,11.3,3.09,-1.33,1539.0,,,1329.42,1067.75,-412.98,1009.3,1.0,5934.0,160.0,-178.0,4.491,0.065,-0.195,0.893,0.244,-0.105,285.21381,39.027481,15.53,1.0
78,3940418,1.0,0,0,0,0,4.783002698,5.432e-06,-5.432e-06,170.508434,0.000943,-0.000943,0.003,0.425,-0.003,2.335,0.0332,-0.0332,1008.7,16.6,-16.6,2.5,0.34,-0.19,886.0,,,145.48,66.39,-35.12,70.6,1.0,5170.0,155.0,-155.0,4.574,0.026,-0.097,0.807,0.111,-0.06,287.09399,39.060719,15.119,1.0
79,4049131,1.0,0,0,0,0,20.50588921,3.206e-05,-3.206e-05,181.43428,0.00122,-0.00122,0.26,0.151,-0.26,4.0595,0.0481,-0.0481,2105.5,31.0,-31.0,3.41,0.28,-0.31,518.0,,,17.06,5.47,-4.61,78.5,1.0,4905.0,148.0,-148.0,4.544,0.072,-0.044,0.761,0.063,-0.07,289.31543,39.153278,15.398,1.0
80,4139816,1.0,0,0,0,0,3.340218842,3.177e-06,-3.177e-06,171.979062,0.00075,-0.00075,0.466,0.002,-0.437,1.9104,0.0318,-0.0318,1632.6,26.6,-26.6,2.03,0.13,-0.17,656.0,,,43.73,9.67,-9.92,71.6,1.0,3950.0,70.0,-86.0,4.754,0.042,-0.031,0.493,0.033,-0.04,286.07913,39.27832,15.954,1.0
81,5358241,1.0,0,0,0,0,18.64932728,5.202e-05,-5.202e-05,174.771,0.00224,-0.00224,0.08,0.329,-0.08,4.4056,0.0687,-0.0687,893.6,20.9,-20.9,3.12,0.47,-0.28,701.0,,,57.13,22.99,-12.26,46.1,1.0,5775.0,78.0,-78.0,4.405,0.066,-0.123,1.053,0.161,-0.094,290.46176,40.562462,15.386,1.0
82,10875245,1.0,0,0,0,0,4.90144976,1.07e-05,-1.07e-05,138.60548,0.00175,-0.00175,0.529,0.021,-0.46,4.1654,0.0585,-0.0585,140.7,2.9,-2.9,1.7,0.08,-0.05,1262.0,,,598.74,84.12,-66.83,50.6,3.0,5847.0,64.0,-75.0,4.191,0.02,-0.018,1.402,0.063,-0.046,297.02826,48.208611,12.487,1.0
83,5358241,0.998,0,0,0,0,9.75192101,4.829e-05,-4.829e-05,138.78608,0.0036,-0.0036,0.949,0.028,-0.673,4.793,0.181,-0.181,418.0,16.2,-16.2,2.76,0.43,-0.24,870.0,,,135.66,54.6,-29.09,28.5,3.0,5775.0,78.0,-78.0,4.405,0.066,-0.123,1.053,0.161,-0.094,290.46176,40.562462,15.386,1.0
84,5358241,1.0,0,0,0,0,38.5576546,0.0001765,-0.0001765,163.85063,0.00407,-0.00407,0.911,0.025,-0.663,5.794,0.199,-0.199,993.0,26.8,-26.8,4.02,0.62,-0.36,550.0,,,21.71,8.73,-4.66,39.7,2.0,5775.0,78.0,-78.0,4.405,0.066,-0.123,1.053,0.161,-0.094,290.46176,40.562462,15.386,1.0
85,5358624,0.99,0,0,0,0,3.525632539,1.5e-07,-1.5e-07,170.0479951,3.33e-05,-3.33e-05,0.12,0.006,-0.084,2.59959,0.00079,-0.00079,22335.0,13.1,-13.1,11.58,0.9,-0.48,975.0,,,213.12,50.79,-29.54,1996.7,1.0,5150.0,82.0,-82.0,4.572,0.02,-0.064,0.793,0.062,-0.033,290.58173,40.5774,15.224,1.0
86,4544670,1.0,0,0,0,0,34.84398644,4.036e-05,-4.036e-05,172.633252,0.00094,-0.00094,0.934,0.575,-0.031,2.9315,0.0702,-0.0702,4523.6,82.5,-82.5,7.61,1.72,-0.91,511.0,,,16.1,11.1,-5.08,76.8,1.0,5509.0,166.0,-166.0,4.482,0.081,-0.15,0.871,0.196,-0.105,285.92001,39.624828,15.684,1.0
87,4664847,1.0,0,0,0,0,7.748094239,7.553e-06,-7.553e-06,174.997206,0.000765,-0.000765,0.517,0.237,-0.325,3.5957,0.043,-0.043,2472.1,25.7,-25.7,5.52,1.7,-0.56,964.0,,,204.39,186.49,-63.82,113.2,1.0,5973.0,169.0,-232.0,4.439,0.052,-0.221,1.085,0.334,-0.111,294.4899,39.771439,15.67,1.0
88,4725681,1.0,0,0,0,0,23.96793669,9.249e-05,-9.249e-05,186.22182,0.00305,-0.00305,0.416,0.053,-0.416,3.827,0.113,-0.113,1182.3,46.1,-46.1,1.8,0.1,-0.15,329.0,,,2.77,0.58,-0.64,27.5,1.0,3747.0,75.0,-83.0,4.728,0.042,-0.025,0.524,0.03,-0.044,283.86639,39.898079,15.414,1.0
89,4725681,0.995,0,0,0,0,8.29561738,2.368e-05,-2.368e-05,135.79284,0.00219,-0.00219,0.888,0.062,-0.612,1.3421,0.0773,-0.0773,824.3,57.5,-57.5,1.82,0.1,-0.15,469.0,,,11.39,2.4,-2.65,17.9,2.0,3747.0,75.0,-83.0,4.728,0.042,-0.025,0.524,0.03,-0.044,283.86639,39.898079,15.414,1.0
90,4913852,1.0,0,0,0,0,8.11437482,1.092e-05,-1.092e-05,176.33968,0.00107,-0.00107,0.573,0.0,-0.468,2.2736,0.0447,-0.0447,1558.0,32.0,-32.0,2.1,0.14,-0.16,460.0,,,10.55,2.46,-2.31,56.4,1.0,3692.0,73.0,-83.0,4.753,0.032,-0.039,0.517,0.035,-0.039,288.81201,40.033401,15.877,1.0
91,4936180,0.0,0,0,0,0,4.64090031,1.485e-05,-1.485e-05,173.64638,0.00261,-0.00261,1.28,0.098,-0.07,35.512,0.274,-0.274,2450.6,11.7,-11.7,30.09,5.79,-3.14,1155.0,,,421.08,257.38,-124.0,296.9,1.0,6463.0,205.0,-205.0,4.5,0.087,-0.163,0.826,0.159,-0.086,295.11371,40.071171,15.27,1.0
92,10875245,0.992,0,0,0,0,14.74914825,2.174e-05,-2.174e-05,138.77799,0.00118,-0.00118,0.173,0.262,-0.173,6.0995,0.044,-0.044,430.2,4.2,-4.2,2.89,0.13,-0.1,874.0,,,137.91,19.38,-15.39,107.4,1.0,5847.0,64.0,-75.0,4.191,0.02,-0.018,1.402,0.063,-0.046,297.02826,48.208611,12.487,1.0
93,5021899,1.0,0,0,0,0,21.81295996,7.229e-05,-7.229e-05,174.01085,0.00261,-0.00261,0.053,0.394,-0.053,4.3791,0.091,-0.091,1175.4,35.8,-35.8,3.38,0.91,-0.49,639.0,,,39.33,31.88,-13.85,37.8,1.0,5601.0,166.0,-166.0,4.41,0.116,-0.188,0.999,0.269,-0.145,294.77686,40.15374,15.54,1.0
94,5115978,,0,0,0,0,1.028436523,7.05e-07,-7.05e-07,170.228582,0.00054,-0.00054,1.5734,0.2599,-0.3164,1.8606,0.034,-0.034,8098.0,127.0,-127.0,72.77,27.71,-8.6,1947.0,,,3400.48,3879.25,-1109.02,89.6,,6228.0,183.0,-219.0,4.428,0.077,-0.272,0.99,0.377,-0.117,296.00699,40.295429,15.202,1.0
95,5164255,1.0,0,0,0,0,15.37562369,1.017e-05,-1.017e-05,173.61402,0.000608,-0.000608,0.692,0.033,-0.066,3.3169,0.0645,-0.0645,15337.0,114.0,-114.0,11.01,0.44,-0.82,600.0,,,30.54,4.61,-5.99,166.0,1.0,4986.0,79.0,-79.0,4.496,0.075,-0.025,0.833,0.033,-0.062,283.25354,40.358189,16.422,1.0
96,5252423,1.0,0,0,0,0,8.10363271,2.032e-05,-2.032e-05,176.9486,0.00205,-0.00205,0.047,0.409,-0.047,3.161,0.0635,-0.0635,887.9,24.5,-24.5,2.11,0.18,-0.2,687.0,,,52.82,16.3,-14.35,39.3,1.0,4861.0,131.0,-146.0,4.574,0.054,-0.041,0.732,0.062,-0.068,283.22141,40.421829,15.289,1.0
97,5252423,1.0,0,0,0,0,4.71510843,1.941e-05,-1.941e-05,134.96178,0.00324,-0.00324,0.258,0.195,-0.258,2.506,0.103,-0.103,417.5,22.0,-22.0,1.46,0.12,-0.14,823.0,,,108.84,33.58,-29.57,21.3,2.0,4861.0,131.0,-146.0,4.574,0.054,-0.041,0.732,0.062,-0.068,283.22141,40.421829,15.289,1.0
98,5272878,1.0,0,0,0,0,6.365839713,8.06e-06,-8.06e-06,171.13575,0.001,-0.001,0.524,0.009,-0.46,2.9721,0.0408,-0.0408,780.7,13.1,-13.1,2.44,0.6,-0.21,914.0,,,165.33,121.73,-40.81,70.8,1.0,5776.0,155.0,-155.0,4.554,0.042,-0.168,0.849,0.212,-0.071,291.14951,40.420521,15.09,1.0
99,5651104,1.0,0,0,0,0,3.04033046,3.37e-07,-3.37e-07,169.9490106,8.86e-05,-8.86e-05,0.736,0.013,-0.024,1.8411,0.0168,-0.0168,10859.0,25.8,-25.8,8.99,0.8,-0.99,1021.0,,,257.29,86.59,-76.86,568.2,1.0,5035.0,151.0,-151.0,4.519,0.084,-0.063,0.791,0.071,-0.087,299.3161,40.82238,15.028,1.0
100,5792202,1.0,0,0,0,0,15.33528675,1.989e-05,-1.989e-05,174.00278,0.00103,-0.00103,0.773,0.006,-0.543,3.897,0.0771,-0.0771,3081.4,39.0,-39.0,5.0,0.49,-0.18,610.0,,,32.67,9.96,-4.63,86.6,2.0,5251.0,105.0,-105.0,4.581,0.01,-0.085,0.817,0.08,-0.029,292.23676,41.08588,15.855,1.0
101,10875245,0.998,0,0,0,0,7.95825328,7.673e-05,-7.673e-05,137.80219,0.00767,-0.00767,0.706,0.237,-0.494,4.377,0.229,-0.229,50.0,3.7,-3.7,1.06,0.05,-0.04,1074.0,,,314.15,44.14,-35.07,14.7,4.0,5847.0,64.0,-75.0,4.191,0.02,-0.018,1.402,0.063,-0.046,297.02826,48.208611,12.487,1.0
102,5792202,1.0,0,0,0,0,31.33046135,3.977e-05,-3.977e-05,153.43031,0.00103,-0.00103,0.798,0.021,-0.043,5.176,0.102,-0.102,5073.8,48.4,-48.4,6.5,0.64,-0.23,481.0,,,12.61,3.84,-1.79,117.2,1.0,5251.0,105.0,-105.0,4.581,0.01,-0.085,0.817,0.08,-0.029,292.23676,41.08588,15.855,1.0
103,5436502,0.999,0,0,0,0,23.65369415,1.748e-05,-1.748e-05,171.376107,0.000603,-0.000603,0.008,0.169,-0.008,8.2183,0.021,-0.021,3341.8,13.2,-13.2,7.89,1.38,-1.52,731.0,,,67.65,33.37,-26.59,266.3,1.0,5739.0,114.0,-103.0,4.191,0.162,-0.108,1.384,0.242,-0.266,287.89713,40.637821,15.084,1.0
104,5436502,0.996,0,0,0,0,13.23352214,4.503e-05,-4.503e-05,140.32196,0.00275,-0.00275,0.014,0.399,-0.014,6.7372,0.0875,-0.0875,504.6,10.8,-10.8,3.06,0.54,-0.58,888.0,,,146.67,72.35,-57.65,49.1,2.0,5739.0,114.0,-103.0,4.191,0.162,-0.108,1.384,0.242,-0.266,287.89713,40.637821,15.084,1.0
105,5436502,0.997,0,0,0,0,6.15560285,2.704e-05,-2.704e-05,134.81656,0.00345,-0.00345,0.235,0.204,-0.235,4.9843,0.0994,-0.0994,285.0,8.6,-8.6,2.32,0.4,-0.45,1146.0,,,406.94,200.73,-159.95,35.1,3.0,5739.0,114.0,-103.0,4.191,0.162,-0.108,1.384,0.242,-0.266,287.89713,40.637821,15.084,1.0
106,5436502,1.0,0,0,0,0,2.090811305,9.571e-06,-9.571e-06,134.17462,0.00398,-0.00398,0.746,0.053,-0.521,3.388,0.106,-0.106,115.9,6.4,-6.4,1.62,0.28,-0.32,1642.0,,,1718.04,847.46,-675.28,19.9,5.0,5739.0,114.0,-103.0,4.191,0.162,-0.108,1.384,0.242,-0.266,287.89713,40.637821,15.084,1.0
107,10875245,0.995,0,0,0,0,3.180027898,7.278e-06,-7.278e-06,133.49863,0.00181,-0.00181,0.196,0.242,-0.196,3.5797,0.0558,-0.0558,120.3,2.7,-2.7,1.53,0.07,-0.05,1458.0,,,1066.86,149.88,-119.09,50.4,2.0,5847.0,64.0,-75.0,4.191,0.02,-0.018,1.402,0.063,-0.046,297.02826,48.208611,12.487,1.0
108,5436502,0.989,0,0,0,0,50.4467417,0.0006505,-0.0006505,178.5014,0.0103,-0.0103,0.379,0.111,-0.378,7.159,0.247,-0.247,370.3,20.1,-20.1,2.67,0.47,-0.51,568.0,,,24.64,12.16,-9.68,19.4,4.0,5739.0,114.0,-103.0,4.191,0.162,-0.108,1.384,0.242,-0.266,287.89713,40.637821,15.084,1.0
109,5456651,1.0,0,0,0,0,11.76307164,2.035e-05,-2.035e-05,180.93613,0.0013,-0.0013,0.048,0.393,-0.048,2.9076,0.05,-0.05,1037.3,23.9,-23.9,2.35,0.17,-0.08,616.0,,,33.99,8.24,-4.84,48.9,1.0,4959.0,99.0,,4.603,0.011,-0.06,0.756,0.054,-0.027,294.20215,40.66341,15.208,1.0
110,5456651,0.878,0,0,0,0,56.2279271,0.0003134,-0.0003134,132.29259,0.00471,-0.00471,0.7,0.208,-0.496,3.57,0.134,-0.134,862.7,44.9,-44.9,2.37,0.17,-0.09,366.0,,,4.22,1.02,-0.6,20.9,2.0,4959.0,99.0,0.0,4.603,0.011,-0.06,0.756,0.054,-0.027,294.20215,40.66341,15.208,1.0
111,5531576,1.0,0,0,0,0,7.953547,1.91e-05,-1.91e-05,174.66224,0.00182,-0.00182,0.3,0.145,-0.3,2.6312,0.0595,-0.0595,875.4,25.3,-25.3,2.25,0.07,-0.14,696.0,,,55.37,7.15,-10.12,38.4,1.0,4768.0,76.0,-85.0,4.536,0.056,-0.016,0.779,0.023,-0.049,291.15878,40.750271,15.66,1.0
112,5531576,1.0,0,0,0,0,4.14451656,1.44e-05,-1.44e-05,135.92831,0.00313,-0.00313,0.004,0.471,-0.003,2.3421,0.0984,-0.0984,391.8,19.8,-19.8,1.48,0.05,-0.09,864.0,,,132.08,17.05,-24.15,22.8,2.0,4768.0,76.0,-85.0,4.536,0.056,-0.016,0.779,0.023,-0.049,291.15878,40.750271,15.66,1.0
113,6291653,0.999,0,0,0,0,10.526294577,1.783e-06,-1.783e-06,176.522462,0.000136,-0.000136,0.644,0.031,-0.045,2.5211,0.0257,-0.0257,9768.0,26.4,-26.4,8.24,1.48,-0.8,713.0,,,61.16,34.56,-16.93,482.3,1.0,5386.0,159.0,-159.0,4.553,0.056,-0.104,0.793,0.143,-0.077,293.87811,41.66177,15.305,1.0
114,6392727,1.0,0,0,0,0,4.583520948,4.18e-06,-4.18e-06,169.973972,0.000733,-0.000733,0.045,0.319,-0.045,2.7055,0.0321,-0.0321,3812.1,44.5,-44.5,5.39,1.6,-0.53,1038.0,,,274.98,239.18,-77.52,99.5,1.0,5815.0,157.0,-175.0,4.54,0.038,-0.212,0.877,0.26,-0.087,299.18686,41.74268,15.287,1.0
115,6422070,0.876,0,0,0,0,3.76181843,1.14e-05,-1.14e-05,171.90364,0.00209,-0.00209,0.926,0.0,-0.663,3.5176,0.0901,-0.0901,510.6,16.4,-16.4,2.66,0.73,-0.26,1121.0,,,372.62,300.78,-104.51,35.9,1.0,5653.0,154.0,-171.0,4.472,0.062,-0.188,0.949,0.26,-0.093,283.31638,41.83712,15.257,1.0
116,6428700,1.0,0,0,0,0,8.20396958,1.488e-05,-1.488e-05,169.69138,0.00143,-0.00143,0.823,0.001,-0.58,2.9667,0.0529,-0.0529,1024.4,21.2,-21.2,3.01,0.24,-0.3,742.0,,,71.5,22.24,-20.23,54.4,1.0,5015.0,149.0,-149.0,4.499,0.09,-0.06,0.826,0.066,-0.083,286.5657,41.808399,15.376,1.0
117,6428700,1.0,0,0,0,0,14.49645186,6.36e-05,-6.36e-05,143.41659,0.00409,-0.00409,0.97,0.002,-0.663,4.016,0.305,-0.305,647.5,26.7,-26.7,3.01,0.24,-0.3,613.0,,,33.48,10.42,-9.47,25.7,2.0,5015.0,149.0,-149.0,4.499,0.09,-0.06,0.826,0.066,-0.083,286.5657,41.808399,15.376,1.0
118,5792202,1.0,0,0,0,0,6.54626149,2.668e-05,-2.668e-05,133.85964,0.00317,-0.00317,0.644,0.295,-0.438,2.75,0.111,-0.111,655.9,30.0,-30.0,2.19,0.22,-0.08,810.0,,,101.78,31.02,-14.45,24.8,3.0,5251.0,105.0,-105.0,4.581,0.01,-0.085,0.817,0.08,-0.029,292.23676,41.08588,15.855,1.0
119,5794379,1.0,0,0,0,0,12.71809866,2.324e-05,-2.324e-05,175.35526,0.00152,-0.00152,0.427,0.016,-0.427,3.0957,0.0562,-0.0562,1149.4,24.5,-24.5,2.31,0.17,-0.22,562.0,,,23.6,6.56,-6.6,52.7,1.0,4702.0,128.0,-142.0,4.592,0.058,-0.027,0.686,0.049,-0.067,292.91312,41.060921,15.389,1.0
120,5794379,0.999,0,0,0,0,36.06588163,8.305e-05,-8.305e-05,198.58423,0.00172,-0.00172,0.26,0.145,-0.26,4.3246,0.0634,-0.0634,1563.8,32.1,-32.1,2.64,0.19,-0.26,397.0,,,5.88,1.64,-1.64,51.7,2.0,4702.0,128.0,-142.0,4.592,0.058,-0.027,0.686,0.049,-0.067,292.91312,41.060921,15.389,1.0
121,5881688,1.0,0,0,0,0,4.190425659,1.611e-06,-1.611e-06,171.44122,0.000306,-0.000306,0.458,0.004,-0.377,2.8589,0.0224,-0.0224,2877.4,14.1,-14.1,6.21,2.05,-0.82,1234.0,,,547.9,549.04,-194.78,240.6,1.0,6073.0,190.0,-232.0,4.392,0.072,-0.217,1.135,0.375,-0.15,293.49661,41.137589,15.27,1.0
122,6022556,1.0,0,0,0,0,3.709870784,3.043e-06,-3.043e-06,171.987982,0.000638,-0.000638,0.023,0.323,-0.023,3.0694,0.0265,-0.0265,2020.3,20.1,-20.1,4.35,0.64,-0.28,1151.0,,,415.1,163.27,-72.1,116.1,1.0,5727.0,77.0,-85.0,4.463,0.04,-0.12,0.978,0.146,-0.062,283.86441,41.346458,15.581,1.0
123,6032497,1.0,0,0,0,0,16.3297527,3.611e-05,-3.611e-05,177.29506,0.00181,-0.00181,0.791,0.091,-0.541,6.271,0.112,-0.112,1187.5,18.1,-18.1,3.75,1.11,-0.47,727.0,,,66.08,57.11,-21.98,74.6,1.0,5878.0,158.0,-193.0,4.444,0.084,-0.196,0.987,0.291,-0.125,288.51001,41.301769,15.447,1.0
124,6061119,0.985,0,0,0,0,27.807566216,4.747e-06,-4.747e-06,186.713552,0.000134,-0.000134,0.782,0.002,-0.003,4.21587,0.00935,-0.00935,25391.0,47.3,-47.3,13.84,3.63,-1.21,554.0,,,22.24,17.69,-5.87,748.1,1.0,5862.0,177.0,-177.0,4.584,0.044,-0.176,0.785,0.206,-0.069,296.88821,41.396091,15.482,1.0
125,6191521,0.942,0,0,0,0,80.8723469,0.0001468,-0.0001468,203.895,0.00131,-0.00131,0.527,0.08,-0.309,11.195,0.13,-0.13,3604.6,25.9,-25.9,7.59,1.24,-1.52,452.0,,,9.88,4.3,-3.87,160.9,1.0,5510.0,82.0,-71.0,4.222,0.195,-0.105,1.238,0.202,-0.247,287.1543,41.565788,15.201,1.0
3805,6347890,,0,0,0,0,37.71508287,,,165.6372891,,,,,,1.8,,,,,,,,,,,,,,,,1.0,,,,,,,,,,285.62076,41.73806,15.294,1.0
3916,10678912,,0,0,0,0,113.71363032,,,179.5299204,,,,,,2.45,,,,,,,,,,,,,,,,1.0,,,,,,,,,,296.75278,47.973282,15.499,1.0
4068,11819396,,0,0,0,0,48.38798413,,,176.4653521,,,,,,1.23,,,,,,,,,,,,,,,,1.0,,,,,,,,,,294.56738,50.069721,15.025,1.0
